{
    "vanilla_rnn": {
        "bleu": 0.001413002220314202,
        "exact_match": 0.0,
        "final_train_loss": 6.1251686930656435,
        "final_val_loss": 5.970044016838074,
        "length_analysis": {
            "short (1-10)": 0.002171558403942756,
            "medium (11-20)": 0.0019833364768712864,
            "long (21+)": 0.0010239458390546535
        }
    },
    "lstm": {
        "bleu": 0.0014368281922102018,
        "exact_match": 0.0,
        "final_train_loss": 5.989190912246704,
        "final_val_loss": 5.671899855136871,
        "length_analysis": {
            "short (1-10)": 0.002171558403942756,
            "medium (11-20)": 0.0019833364768712864,
            "long (21+)": 0.001043737567111486
        }
    },
    "attention": {
        "bleu": 0.003786348027746871,
        "exact_match": 0.0,
        "final_train_loss": 3.9921587288379667,
        "final_val_loss": 5.451967418193817,
        "length_analysis": {
            "short (1-10)": 0.0031716526243767817,
            "medium (11-20)": 0.006828691046653406,
            "long (21+)": 0.0032659822946284113
        }
    }
}